Id,Name,Community
BARRISTAN,Barristan,Essos
CERWYN,Cerwyn,Winterfell
HIZDAHR,Hizdahr,Essos
JANOS,Janos,Night's Watch
JON,Jon,Night's Watch
KARSI,Karsi,Night's Watch
LOBODA,Loboda,Night's Watch
LORD_OF_BONES,Lord of Bones,Night's Watch
MAESTER_AEMON,Aemon,Night's Watch
MANCE,Mance,Night's Watch
MERYN_TRANT,Meryn,King's Landing
MOSSADOR,Mossador,Essos
MYRANDA,Myranda,Winterfell
MYRCELLA,Myrcella,Dorne
SELYSE,Selyse,Night's Watch
SHIREEN,Shireen,Night's Watch
STANNIS,Stannis,Night's Watch
